validation-112,A
validation-253,N
validation-376,A
validation-417,A
validation-433,A
validation-80,B
validation-144,B
validation-158,N
validation-190,A
validation-191,N
validation-229,B
validation-284,B
validation-329,B
validation-394,B
validation-441,B
validation-157,N
validation-373,N
test-52,A
test-92,A
test-219,A
test-289,A
test-442,A
test-604,N
test-691,A
test-731,A
test-841,A
test-879,A
test-1063,N
test-1101,N
test-1150,A
test-1175,A
test-1676,A
test-1787,A
test-1808,A
test-1886,N
test-1933,N
test-1935,A
test-1941,N
test-22,B
test-25,B
test-29,B
test-32,B
test-358,B
test-383,N
test-429,N
test-480,B
test-507,B
test-512,B
test-606,B
test-613,B
test-635,B
test-652,B
test-771,B
test-794,N
test-819,N
test-917,B
test-976,N
test-997,B
test-1022,N
test-1032,B
test-1141,B
test-1201,B
test-1237,B
test-1275,B
test-1691,B
test-1728,B
test-1754,N
test-1789,A
test-1832,B
test-1864,B
test-1897,B
test-1904,B
test-1975,B
test-189,N
test-514,N
test-895,N
test-1020,N
test-1345,N
test-1419,N
test-1562,N
test-1653,N
test-1695,N
test-1700,A
development-41,N
development-45,B
development-172,A
development-261,A
development-291,A
development-377,A
development-401,A
development-453,A
development-566,A
development-578,A
development-921,A
development-929,A
development-955,N
development-985,N
development-1192,A
development-1216,A
development-1369,A
development-1422,A
development-1455,A
development-1615,A
development-1794,A
development-1857,A
development-1934,A
development-15,B
development-36,B
development-171,B
development-219,B
development-260,B
development-325,B
development-487,B
development-528,B
development-541,B
development-660,B
development-697,N
development-735,B
development-779,B
development-822,B
development-855,B
development-942,A
development-967,B
development-997,B
development-1086,N
development-1110N
development-1204,B
development-1292,N
development-1338,B
development-1416,B
development-1485,B
development-1565,B
development-1569,N
development-1654,B
development-1680,B
development-1745,B
development-1896,N
development-1989,B
development-1994,B
development-121,N
development-328,N
development-337,B
development-346,N
development-444,N
development-468,N
development-474,N
development-837,N
development-871,N
development-872,N
development-962,N
development-1030,N
development-1051,N
development-1259,N
development-1513,N
development-1570,N
development-1573,N
development-1722,N
development-1805,N
development-1862,N
